<?xml version="1.0" encoding="utf-8"?>
<!DOCTYPE nta PUBLIC '-//Uppaal Team//DTD Flat System 1.6//EN' 'http://www.it.uu.se/research/group/darts/uppaal/flat-1_6.dtd'>
<nta>
	<declaration>broadcast chan use_knife, use_fork;
broadcast chan no_knife, no_fork;
broadcast chan knife, fork;
broadcast chan return_knife, return_fork;

clock gclk;</declaration>
	<template>
		<name x="5" y="5">TableWare</name>
		<declaration>// Place local declarations here.</declaration>
		<location id="id0" x="-153" y="-76">
			<name x="-144" y="-68">knife1_fork1</name>
		</location>
		<location id="id1" x="102" y="-76">
			<name x="8" y="-68">knife0_fork1</name>
		</location>
		<location id="id2" x="102" y="127">
			<name x="8" y="93">knife0_fork0</name>
		</location>
		<location id="id3" x="-153" y="127">
			<name x="-144" y="93">knife1_fork0</name>
		</location>
		<location id="id4" x="-25" y="-144">
			<committed/>
		</location>
		<location id="id5" x="187" y="25">
			<committed/>
		</location>
		<location id="id6" x="-17" y="195">
			<committed/>
		</location>
		<location id="id7" x="-229" y="25">
			<committed/>
		</location>
		<location id="id8" x="-153" y="323">
			<committed/>
		</location>
		<location id="id9" x="102" y="323">
			<committed/>
		</location>
		<location id="id10" x="357" y="-76">
			<committed/>
		</location>
		<location id="id11" x="357" y="127">
			<committed/>
		</location>
		<init ref="id0"/>
		<transition id="id12">
			<source ref="id11"/>
			<target ref="id2"/>
			<label kind="synchronisation" x="212" y="144">no_fork!</label>
			<nail x="238" y="144"/>
		</transition>
		<transition id="id13">
			<source ref="id2"/>
			<target ref="id11"/>
			<label kind="synchronisation" x="204" y="93">use_fork?</label>
			<nail x="238" y="110"/>
		</transition>
		<transition id="id14">
			<source ref="id9"/>
			<target ref="id2"/>
			<label kind="synchronisation" x="17" y="221">no_knife!</label>
			<nail x="85" y="229"/>
		</transition>
		<transition id="id15">
			<source ref="id2"/>
			<target ref="id9"/>
			<label kind="synchronisation" x="119" y="221">use_knife?</label>
			<nail x="119" y="229"/>
		</transition>
		<transition id="id16">
			<source ref="id10"/>
			<target ref="id1"/>
			<label kind="synchronisation" x="195" y="-59">no_knife!</label>
			<nail x="229" y="-59"/>
		</transition>
		<transition id="id17">
			<source ref="id1"/>
			<target ref="id10"/>
			<label kind="synchronisation" x="187" y="-110">use_knife?</label>
			<nail x="229" y="-93"/>
		</transition>
		<transition id="id18">
			<source ref="id8"/>
			<target ref="id3"/>
			<label kind="synchronisation" x="-136" y="221">no_fork!</label>
			<nail x="-136" y="229"/>
		</transition>
		<transition id="id19">
			<source ref="id3"/>
			<target ref="id8"/>
			<label kind="synchronisation" x="-238" y="221">use_fork?</label>
			<nail x="-170" y="229"/>
		</transition>
		<transition id="id20">
			<source ref="id5"/>
			<target ref="id2"/>
			<label kind="synchronisation" x="136" y="59">fork!</label>
		</transition>
		<transition id="id21">
			<source ref="id6"/>
			<target ref="id2"/>
			<label kind="synchronisation" x="25" y="153">knife!</label>
		</transition>
		<transition id="id22">
			<source ref="id7"/>
			<target ref="id3"/>
			<label kind="synchronisation" x="-212" y="59">fork!</label>
		</transition>
		<transition id="id23">
			<source ref="id4"/>
			<target ref="id1"/>
			<label kind="synchronisation" x="17" y="-127">knife!</label>
		</transition>
		<transition id="id24">
			<source ref="id3"/>
			<target ref="id0"/>
			<label kind="synchronisation" x="-195" y="8">return_fork?</label>
		</transition>
		<transition id="id25">
			<source ref="id2"/>
			<target ref="id3"/>
			<label kind="synchronisation" x="-59" y="110">return_knife?</label>
		</transition>
		<transition id="id26">
			<source ref="id1"/>
			<target ref="id0"/>
			<label kind="synchronisation" x="-68" y="-93">return_knife?</label>
		</transition>
		<transition id="id27">
			<source ref="id2"/>
			<target ref="id1"/>
			<label kind="synchronisation" x="51" y="17">return_fork?</label>
		</transition>
		<transition id="id28">
			<source ref="id1"/>
			<target ref="id5"/>
			<label kind="synchronisation" x="136" y="-25">use_fork?</label>
		</transition>
		<transition id="id29">
			<source ref="id3"/>
			<target ref="id6"/>
			<label kind="synchronisation" x="-119" y="153">use_knife?</label>
		</transition>
		<transition id="id30">
			<source ref="id0"/>
			<target ref="id7"/>
			<label kind="synchronisation" x="-229" y="-34">use_fork?</label>
		</transition>
		<transition id="id31">
			<source ref="id0"/>
			<target ref="id4"/>
			<label kind="synchronisation" x="-127" y="-127">use_knife?</label>
		</transition>
	</template>
	<template>
		<name>GreedyCustomer</name>
		<declaration>clock t;</declaration>
		<location id="id32" x="-272" y="59">
			<committed/>
		</location>
		<location id="id33" x="-416" y="59">
			<name x="-459" y="25">wait_knife2</name>
			<label kind="invariant" x="-442" y="76">t&lt;=10</label>
		</location>
		<location id="id34" x="-272" y="-51">
			<committed/>
		</location>
		<location id="id35" x="-416" y="-51">
			<name x="-450" y="-85">wait_fork1</name>
			<label kind="invariant" x="-442" y="-34">t&lt;=10</label>
		</location>
		<location id="id36" x="221" y="-51">
			<committed/>
		</location>
		<location id="id37" x="-518" y="0">
			<name x="-569" y="-8">Start</name>
			<label kind="invariant" x="-569" y="8">t&lt;=0</label>
		</location>
		<location id="id38" x="221" y="51">
			<committed/>
		</location>
		<location id="id39" x="85" y="0">
			<name x="51" y="-17">eat</name>
			<label kind="invariant" x="102" y="-17">t&lt;=300</label>
		</location>
		<location id="id40" x="365" y="0">
			<name x="280" y="-8">finish_eat</name>
		</location>
		<location id="id41" x="-178" y="-51">
			<name x="-221" y="-85">wait_knife1</name>
			<label kind="invariant" x="-188" y="-34">t&lt;=10</label>
		</location>
		<location id="id42" x="-59" y="-51">
			<committed/>
		</location>
		<location id="id43" x="-178" y="59">
			<name x="-221" y="25">wait_fork2</name>
			<label kind="invariant" x="-195" y="76">t&lt;=10</label>
		</location>
		<location id="id44" x="-59" y="59">
			<committed/>
		</location>
		<init ref="id37"/>
		<transition id="id45">
			<source ref="id32"/>
			<target ref="id37"/>
			<label kind="synchronisation" x="-398" y="127">no_knife?</label>
			<label kind="assignment" x="-398" y="144">t = 0</label>
			<nail x="-272" y="144"/>
			<nail x="-416" y="144"/>
			<nail x="-518" y="144"/>
		</transition>
		<transition id="id46">
			<source ref="id44"/>
			<target ref="id43"/>
			<label kind="synchronisation" x="-160" y="136">no_fork?</label>
			<label kind="assignment" x="-160" y="153">t = 0</label>
			<nail x="-59" y="153"/>
			<nail x="-178" y="153"/>
		</transition>
		<transition id="id47">
			<source ref="id44"/>
			<target ref="id39"/>
			<label kind="synchronisation" x="-41" y="12">fork?</label>
			<label kind="assignment" x="-41" y="29">t = 0</label>
		</transition>
		<transition id="id48">
			<source ref="id32"/>
			<target ref="id43"/>
			<label kind="synchronisation" x="-254" y="42">knife?</label>
			<label kind="assignment" x="-254" y="59">t = 0</label>
		</transition>
		<transition id="id49">
			<source ref="id43"/>
			<target ref="id44"/>
			<label kind="guard" x="-160" y="25">t&gt;=10</label>
			<label kind="synchronisation" x="-160" y="42">use_fork!</label>
		</transition>
		<transition id="id50">
			<source ref="id42"/>
			<target ref="id41"/>
			<label kind="synchronisation" x="-160" y="-136">no_knife?</label>
			<label kind="assignment" x="-160" y="-119">t = 0</label>
			<nail x="-59" y="-119"/>
			<nail x="-178" y="-119"/>
		</transition>
		<transition id="id51">
			<source ref="id42"/>
			<target ref="id39"/>
			<label kind="synchronisation" x="-41" y="-42">knife?</label>
			<label kind="assignment" x="-41" y="-25">t = 0</label>
		</transition>
		<transition id="id52">
			<source ref="id34"/>
			<target ref="id37"/>
			<label kind="synchronisation" x="-398" y="-196">no_fork?</label>
			<label kind="assignment" x="-398" y="-179">t = 0</label>
			<nail x="-272" y="-179"/>
			<nail x="-518" y="-178"/>
			<nail x="-518" y="-85"/>
			<nail x="-518" y="-94"/>
		</transition>
		<transition id="id53">
			<source ref="id41"/>
			<target ref="id42"/>
			<label kind="guard" x="-136" y="-68">t&gt;=10</label>
			<label kind="synchronisation" x="-161" y="-51">use_knife!</label>
		</transition>
		<transition id="id54">
			<source ref="id34"/>
			<target ref="id41"/>
			<label kind="synchronisation" x="-254" y="-68">fork?</label>
			<label kind="assignment" x="-254" y="-51">t = 0</label>
		</transition>
		<transition id="id55">
			<source ref="id35"/>
			<target ref="id34"/>
			<label kind="guard" x="-365" y="-68">t&gt;=10</label>
			<label kind="synchronisation" x="-374" y="-51">use_fork!</label>
		</transition>
		<transition id="id56">
			<source ref="id36"/>
			<target ref="id40"/>
			<label kind="synchronisation" x="238" y="-68">return_fork!</label>
			<nail x="331" y="-51"/>
		</transition>
		<transition id="id57">
			<source ref="id38"/>
			<target ref="id40"/>
			<label kind="synchronisation" x="238" y="51">return_knife!</label>
			<nail x="331" y="51"/>
		</transition>
		<transition id="id58">
			<source ref="id39"/>
			<target ref="id38"/>
			<label kind="guard" x="119" y="34">t&gt;=300</label>
			<label kind="synchronisation" x="119" y="51">return_fork!</label>
			<nail x="102" y="51"/>
		</transition>
		<transition id="id59">
			<source ref="id39"/>
			<target ref="id36"/>
			<label kind="guard" x="111" y="-68">t&gt;=300</label>
			<label kind="synchronisation" x="111" y="-51">return_knife!</label>
			<nail x="102" y="-51"/>
		</transition>
		<transition id="id60">
			<source ref="id33"/>
			<target ref="id32"/>
			<label kind="guard" x="-365" y="42">t&gt;=10</label>
			<label kind="synchronisation" x="-382" y="59">use_knife!</label>
		</transition>
		<transition id="id61">
			<source ref="id37"/>
			<target ref="id33"/>
			<label kind="assignment" x="-484" y="42">t=0</label>
			<nail x="-493" y="59"/>
		</transition>
		<transition id="id62">
			<source ref="id37"/>
			<target ref="id35"/>
			<label kind="assignment" x="-484" y="-68">t=0</label>
			<nail x="-493" y="-51"/>
		</transition>
	</template>
	<template>
		<name>PoliteCustomer</name>
		<declaration>clock t;</declaration>
		<location id="id63" x="221" y="-51">
			<committed/>
		</location>
		<location id="id64" x="-518" y="0">
			<name x="-569" y="-8">Start</name>
			<label kind="invariant" x="-569" y="8">t&lt;=0</label>
		</location>
		<location id="id65" x="221" y="51">
			<committed/>
		</location>
		<location id="id66" x="85" y="0">
			<name x="51" y="-17">eat</name>
			<label kind="invariant" x="102" y="-17">t&lt;=300</label>
		</location>
		<location id="id67" x="-416" y="-51">
			<name x="-450" y="-85">wait_fork1</name>
			<label kind="invariant" x="-442" y="-34">t&lt;=10</label>
		</location>
		<location id="id68" x="-416" y="59">
			<name x="-459" y="25">wait_knife2</name>
			<label kind="invariant" x="-442" y="76">t&lt;=10</label>
		</location>
		<location id="id69" x="365" y="0">
			<name x="280" y="-8">finish_eat</name>
		</location>
		<location id="id70" x="-298" y="59">
		</location>
		<location id="id71" x="-297" y="-51">
		</location>
		<location id="id72" x="-204" y="-51">
			<name x="-247" y="-85">wait_knife1</name>
			<label kind="invariant" x="-214" y="-34">t&lt;=10</label>
			<committed/>
		</location>
		<location id="id73" x="-85" y="-51">
			<committed/>
		</location>
		<location id="id74" x="-204" y="59">
			<name x="-247" y="25">wait_fork2</name>
			<label kind="invariant" x="-221" y="76">t&lt;=10</label>
			<committed/>
		</location>
		<location id="id75" x="-85" y="59">
			<committed/>
		</location>
		<location id="id76" x="-204" y="-195">
			<committed/>
		</location>
		<location id="id77" x="-204" y="212">
			<committed/>
		</location>
		<init ref="id64"/>
		<transition id="id78">
			<source ref="id70"/>
			<target ref="id64"/>
			<label kind="synchronisation" x="-483" y="136">no_knife?</label>
			<label kind="assignment" x="-483" y="153">t = 0</label>
			<nail x="-297" y="153"/>
			<nail x="-501" y="153"/>
		</transition>
		<transition id="id79">
			<source ref="id76"/>
			<target ref="id64"/>
			<label kind="synchronisation" x="-500" y="-212">return_fork!</label>
			<label kind="assignment" x="-500" y="-195">t = 0</label>
			<nail x="-518" y="-195"/>
		</transition>
		<transition id="id80">
			<source ref="id77"/>
			<target ref="id64"/>
			<label kind="synchronisation" x="-500" y="195">return_knife!</label>
			<label kind="assignment" x="-500" y="212">t = 0</label>
			<nail x="-518" y="212"/>
		</transition>
		<transition id="id81">
			<source ref="id71"/>
			<target ref="id64"/>
			<label kind="synchronisation" x="-398" y="-153">no_fork?</label>
			<label kind="assignment" x="-398" y="-136">t = 0</label>
			<nail x="-297" y="-136"/>
			<nail x="-493" y="-136"/>
			<nail x="-518" y="-17"/>
		</transition>
		<transition id="id82">
			<source ref="id75"/>
			<target ref="id66"/>
			<label kind="synchronisation" x="-67" y="12">fork?</label>
			<label kind="assignment" x="-67" y="29">t = 0</label>
		</transition>
		<transition id="id83">
			<source ref="id73"/>
			<target ref="id66"/>
			<label kind="synchronisation" x="-67" y="-42">knife?</label>
			<label kind="assignment" x="-67" y="-25">t = 0</label>
		</transition>
		<transition id="id84">
			<source ref="id68"/>
			<target ref="id70"/>
			<label kind="guard" x="-382" y="42">t&gt;=10</label>
			<label kind="synchronisation" x="-399" y="59">use_knife!</label>
		</transition>
		<transition id="id85">
			<source ref="id67"/>
			<target ref="id71"/>
			<label kind="guard" x="-382" y="-68">t&gt;=10</label>
			<label kind="synchronisation" x="-391" y="-51">use_fork!</label>
		</transition>
		<transition id="id86">
			<source ref="id63"/>
			<target ref="id69"/>
			<label kind="synchronisation" x="238" y="-68">return_fork!</label>
			<nail x="331" y="-51"/>
		</transition>
		<transition id="id87">
			<source ref="id65"/>
			<target ref="id69"/>
			<label kind="synchronisation" x="238" y="51">return_knife!</label>
			<nail x="331" y="51"/>
		</transition>
		<transition id="id88">
			<source ref="id66"/>
			<target ref="id65"/>
			<label kind="guard" x="119" y="34">t&gt;=300</label>
			<label kind="synchronisation" x="119" y="51">return_fork!</label>
			<nail x="102" y="51"/>
		</transition>
		<transition id="id89">
			<source ref="id66"/>
			<target ref="id63"/>
			<label kind="guard" x="111" y="-68">t&gt;=300</label>
			<label kind="synchronisation" x="111" y="-51">return_knife!</label>
			<nail x="102" y="-51"/>
		</transition>
		<transition id="id90">
			<source ref="id64"/>
			<target ref="id68"/>
			<label kind="assignment" x="-484" y="42">t=0</label>
			<nail x="-493" y="59"/>
		</transition>
		<transition id="id91">
			<source ref="id64"/>
			<target ref="id67"/>
			<label kind="assignment" x="-484" y="-68">t=0</label>
			<nail x="-493" y="-51"/>
		</transition>
		<transition id="id92">
			<source ref="id75"/>
			<target ref="id77"/>
			<label kind="synchronisation" x="-186" y="136">no_fork?</label>
			<label kind="assignment" x="-186" y="153">t = 0</label>
			<nail x="-85" y="153"/>
			<nail x="-204" y="153"/>
		</transition>
		<transition id="id93">
			<source ref="id70"/>
			<target ref="id74"/>
			<label kind="synchronisation" x="-280" y="42">knife?</label>
			<label kind="assignment" x="-280" y="59">t = 0</label>
		</transition>
		<transition id="id94">
			<source ref="id74"/>
			<target ref="id75"/>
			<label kind="guard" x="-186" y="25">t&gt;=10</label>
			<label kind="synchronisation" x="-186" y="42">use_fork!</label>
		</transition>
		<transition id="id95">
			<source ref="id73"/>
			<target ref="id76"/>
			<label kind="synchronisation" x="-186" y="-136">no_knife?</label>
			<label kind="assignment" x="-186" y="-119">t = 0</label>
			<nail x="-85" y="-119"/>
			<nail x="-204" y="-119"/>
		</transition>
		<transition id="id96">
			<source ref="id72"/>
			<target ref="id73"/>
			<label kind="guard" x="-162" y="-68">t&gt;=10</label>
			<label kind="synchronisation" x="-187" y="-51">use_knife!</label>
		</transition>
		<transition id="id97">
			<source ref="id71"/>
			<target ref="id72"/>
			<label kind="synchronisation" x="-280" y="-68">fork?</label>
			<label kind="assignment" x="-280" y="-51">t = 0</label>
		</transition>
	</template>
	<system>// Process
GreedyCustomer1 = GreedyCustomer();
GreedyCustomer2 = GreedyCustomer();
PoliteCustomer1 = PoliteCustomer();
PoliteCustomer2 = PoliteCustomer();

//system TableWare, GreedyCustomer1, GreedyCustomer2;
system TableWare, PoliteCustomer1, PoliteCustomer2;</system>
	<queries>
		<option key="--diagnostic" value="1"/>
		<query>
			<formula>A[] gclk == 700 imply PoliteCustomer1.finish_eat and PoliteCustomer2.finish_eat</formula>
			<comment/>
			<result outcome="success" type="quality" timestamp="2024-04-12 22:56:57 +0800">
				<option key="--diagnostic" value="1"/>
			</result>
		</query>
		<query>
			<formula>A[] gclk &gt; 700 imply GreedyCustomer1.finish_eat or GreedyCustomer2.finish_eat</formula>
			<comment/>
			<result outcome="failure" type="quality" timestamp="2024-04-12 22:57:08 +0800">
				<option key="--diagnostic" value="1"/>
			</result>
		</query>
	</queries>
</nta>
